team,attAdv_nxtGWs,attPlayer1,attPlayer2,attPlayer3,attPlayer4,attPlayer5
TOT,7,"J.Palhinha (MID, ?) ==> (3.5, 4.185)","Kudus (MID, ?) ==> (3.0, 3.712)","Richarlison (FWD, ?) ==> (2.0, 2.835)","P.M.Sarr (MID, ?) ==> (2.0, 2.591)","Kolo Muani (FWD, ?) ==> (0.5, 0.719)"
NEW,7,"Joelinton (MID, ?) ==> (2.0, 4.067)","Bruno G. (MID, ?) ==> (4.0, 3.676)","Tonali (MID, ?) ==> (3.0, 3.343)","Woltemade (FWD, ?) ==> (3.5, 3.093)","Barnes (MID, ?) ==> (1.5, 1.823)"
BHA,6,"Wieffer (MID, ?) ==> (3.5, 4.851)","Ayari (MID, ?) ==> (2.0, 3.75)","Minteh (MID, ?) ==> (3.5, 3.194)","Gomez (MID, ?) ==> (1.0, 2.901)","Welbeck (FWD, ?) ==> (2.0, 2.531)"
MUN,5,"B.Fernandes (MID, ?) ==> (4.0, 4.065)","Amad (MID, ?) ==> (2.0, 3.315)","Casemiro (MID, ?) ==> (3.5, 3.304)","Mbeumo (MID, ?) ==> (2.0, 2.639)","Zirkzee (FWD, ?) ==> (0.5, 0.609)"
MCI,4,"Haaland (FWD, ?) ==> (9.0, 11.074)","N.Gonzalez (MID, ?) ==> (2.0, 3.674)","Foden (MID, ?) ==> (3.0, 2.981)","Doku (MID, ?) ==> (2.0, 2.469)","Cherki (MID, ?) ==> (1.0, 0.747)"
CHE,3,"Enzo (MID, ?) ==> (2.5, 3.111)","João Pedro (FWD, ?) ==> (2.0, 2.893)","Neto (MID, ?) ==> (3.0, 2.621)","Gittens (MID, ?) ==> (1.0, 0.868)","Delap (FWD, ?) ==> (0.5, 0.545)"
LIV,3,"Szoboszlai (MID, ?) ==> (2.0, 3.694)","Gravenberch (MID, ?) ==> (2.5, 3.472)","Gakpo (MID, ?) ==> (3.0, 2.806)","Mac Allister (MID, ?) ==> (2.0, 2.693)","Wirtz (MID, ?) ==> (2.0, 2.562)"
ARS,2,"Zubimendi (MID, ?) ==> (3.0, 4.528)","Rice (MID, ?) ==> (5.0, 4.259)","Saka (MID, ?) ==> (3.5, 2.699)","Trossard (MID, ?) ==> (2.5, 2.286)","Merino (MID, ?) ==> (2.0, 1.76)"
LEE,2,"Ampadu (MID, ?) ==> (2.5, 3.861)","Stach (MID, ?) ==> (2.0, 3.046)","Calvert-Lewin (FWD, ?) ==> (2.0, 1.977)","Tanaka (MID, ?) ==> (1.0, 1.165)","Nmecha (FWD, ?) ==> (1.0, 0.853)"
EVE,0,"Garner (MID, ?) ==> (3.0, 3.5)","Ndiaye (MID, ?) ==> (3.5, 3.357)","Grealish (MID, ?) ==> (2.0, 3.167)","Dewsbury-Hall (MID, ?) ==> (2.0, 3.0)","Barry (FWD, ?) ==> (1.0, 0.935)"
BRE,0,"Thiago (FWD, ?) ==> (4.5, 6.833)","Henderson (MID, ?) ==> (2.0, 3.16)","Schade (MID, ?) ==> (2.5, 3.0)","Damsgaard (MID, ?) ==> (2.0, 2.905)","O.Dango (MID, ?) ==> (2.0, 2.572)"
AVL,-2,"Rogers (MID, ?) ==> (3.0, 3.028)","Kamara (MID, ?) ==> (2.0, 2.723)","McGinn (MID, ?) ==> (2.5, 2.395)","Onana (MID, ?) ==> (1.0, 1.314)","Malen (MID, ?) ==> (1.5, 0.471)"
BOU,-3,"Adams (MID, ?) ==> (2.5, 3.583)","Semenyo (MID, ?) ==> (4.0, 3.056)","Tavernier (MID, ?) ==> (3.0, 2.644)","Scott (MID, ?) ==> (2.5, 2.343)","Evanilson (FWD, ?) ==> (2.0, 2.101)"
BUR,-3,"Cullen (MID, ?) ==> (3.5, 3.333)","Florentino (MID, ?) ==> (2.0, 3.147)","Anthony (MID, ?) ==> (2.0, 2.541)","Tchaouna (MID, ?) ==> (2.0, 1.133)","Flemming (FWD, ?) ==> (1.0, 0.616)"
FUL,-4,"Sessegnon (MID, ?) ==> (3.0, 3.444)","Berge (MID, ?) ==> (2.0, 3.352)","Iwobi (MID, ?) ==> (2.5, 2.439)","Wilson (MID, ?) ==> (2.0, 2.211)","Chukwueze (MID, ?) ==> (0.5, 0.223)"
CRY,-4,"Kamada (MID, ?) ==> (3.0, 2.804)","Sarr (MID, ?) ==> (3.0, 2.648)","Mateta (FWD, ?) ==> (2.0, 2.639)","Wharton (MID, ?) ==> (3.0, 2.503)","Yeremy (MID, ?) ==> (1.0, 1.824)"
SUN,-5,"Xhaka (MID, ?) ==> (4.0, 3.731)","Sadiki (MID, ?) ==> (2.0, 2.935)","E.Le Fée (MID, ?) ==> (2.0, 2.586)","Traoré (MID, ?) ==> (0.5, 0.585)","Brobbey (FWD, ?) ==> (1.0, 0.267)"
WHU,-5,"Bowen (FWD, ?) ==> (2.0, 2.981)","M.Fernandes (MID, ?) ==> (2.0, 1.962)","Wilson (FWD, ?) ==> (1.5, 0.72)","Potts (MID, ?) ==> (1.0, 0.558)","Souček (MID, ?) ==> (1.5, 0.543)"
WOL,-6,"Gomes (MID, ?) ==> (2.0, 3.333)","André (MID, ?) ==> (2.0, 2.304)","Strand Larsen (FWD, ?) ==> (2.0, 1.759)","J.Arias (MID, ?) ==> (1.0, 1.261)","Bellegarde (MID, ?) ==> (1.0, 0.876)"
NFO,-7,"Anderson (MID, ?) ==> (4.0, 3.759)","Gibbs-White (MID, ?) ==> (2.0, 2.084)","Ndoye (MID, ?) ==> (2.0, 1.842)","Sangaré (MID, ?) ==> (2.0, 1.718)","Hutchinson (MID, ?) ==> (1.0, 0.136)"
